TipodeArma,Año
Arma blanca,2010
Arma blanca,2010
Arma blanca,2010
Arma blanca,2010
Arma blanca,2010
Arma blanca,2010
Arma blanca,2010
Arma blanca,2010
Arma blanca,2010
Arma blanca,2010
Arma blanca,2010
Arma blanca,2010
Arma blanca,2010
Arma blanca,2010
Arma blanca,2010
Arma blanca,2010
Arma blanca,2010
Arma blanca,2010
Arma blanca,2010
Arma blanca,2010
Arma blanca,2010
Arma blanca,2010
Arma blanca,2010
Arma blanca,2010
Arma blanca,2010
Arma blanca,2010
Arma de fuego,2010
Arma de fuego,2010
Arma de fuego,2010
Arma de fuego,2010
Arma de fuego,2010
Arma de fuego,2010
Arma de fuego,2010
Arma de fuego,2010
Arma de fuego,2010
Arma de fuego,2010
Arma de fuego,2010
Arma de fuego,2010
Arma de fuego,2010
Golpes,2010
Golpes,2010
Golpes,2010
Objeto,2010
Otros,2010
Otros,2010
Otros,2010
Otros,2010
Sin informacion,2010
Sin informacion,2010
